id,radius_mean,texture_mean,perimeter_mean,area_mean,smoothness_mean
842302,17.99,10.38,122.8,1001,0.1184
842517,20.57,17.77,132.9,1326,0.08474
84300903,19.69,21.25,130,1203,0.1096
84348301,11.42,20.38,77.58,386.1,0.1425
84358402,20.29,14.34,135.1,1297,0.1003
843786,12.45,15.7,82.57,477.1,0.1278
844359,18.25,19.98,119.6,1040,0.09463
84458202,13.71,20.83,90.2,577.9,0.1189
844981,13,21.82,87.5,519.8,0.1273
84501001,12.46,24.04,83.97,475.9,0.1186
845636,16.02,23.24,102.7,797.8,0.08206
